date,PHR,VNIndex
11/10/2022,38200,947.239990234375
11/09/2022,41000,985.5900268554688
11/08/2022,40450,981.6500244140625
11/07/2022,37850,975.1900024414063
11/04/2022,38400,997.1500244140625
11/03/2022,41000,1019.809997558594
11/02/2022,41000,1023.190002441406
11/01/2022,40450,1033.75
10/31/2022,40400,1027.93994140625
10/28/2022,40850,1027.359985351563
10/27/2022,40100,1028.010009765625
10/26/2022,37500,993.3599853515625
10/25/2022,38250,997.7000122070313
10/24/2022,40550,986.1500244140625
10/21/2022,43600,1019.820007324219
10/20/2022,46850,1058.449951171875
10/19/2022,47400,1060.069946289063
10/18/2022,48600,1063.660034179688
10/17/2022,48300,1051.579956054688
10/14/2022,47000,1061.849975585938
10/13/2022,45550,1050.989990234375
10/12/2022,45750,1034.81005859375
10/11/2022,44300,1006.200012207031
10/10/2022,47600,1042.47998046875
10/07/2022,46450,1035.910034179688
10/06/2022,49900,1074.52001953125
10/05/2022,52500,1104.260009765625
10/04/2022,51500,1078.140014648438
10/03/2022,51300,1086.43994140625
09/30/2022,55100,1132.109985351563
09/29/2022,55100,1126.069946289063
09/28/2022,58500,1143.619995117188
09/27/2022,60000,1166.5400390625
09/26/2022,60000,1174.349975585938
09/23/2022,62200,1203.280029296875
09/22/2022,63000,1214.699951171875
09/21/2022,62800,1210.550048828125
09/20/2022,62500,1218.930053710938
09/19/2022,61000,1205.430053710938
09/16/2022,65500,1234.030029296875
09/15/2022,67500,1245.660034179688
09/14/2022,66900,1240.77001953125
09/13/2022,67300,1248.400024414063
09/12/2022,67000,1249.619995117188
09/09/2022,68000,1248.780029296875
09/08/2022,66500,1234.599975585938
09/07/2022,66200,1243.170043945313
09/06/2022,70800,1277.400024414063
09/05/2022,72100,1277.349975585938
08/31/2022,70600,1280.510009765625
08/30/2022,70700,1279.390014648438
08/29/2022,68100,1270.800048828125
08/26/2022,69400,1282.569946289063
08/25/2022,69600,1288.880004882813
08/24/2022,69600,1277.160034179688
08/23/2022,67600,1270.81005859375
08/22/2022,67300,1260.430053710938
08/19/2022,65600,1269.180053710938
08/18/2022,66500,1273.660034179688
08/17/2022,67900,1275.280029296875
08/16/2022,68600,1274.68994140625
08/15/2022,69000,1274.199951171875
08/12/2022,68600,1262.329956054688
08/11/2022,67700,1252.069946289063
08/10/2022,69300,1256.5
08/09/2022,68800,1258.849975585938
08/08/2022,70000,1256.75
08/05/2022,69700,1252.739990234375
08/04/2022,69000,1254.150024414063
08/03/2022,69800,1249.760009765625
08/02/2022,68400,1241.619995117188
08/01/2022,68000,1231.349975585938
07/29/2022,66900,1206.329956054688
07/28/2022,67600,1208.119995117188
07/27/2022,65400,1191.0400390625
07/26/2022,65400,1185.069946289063
07/25/2022,66000,1188.5
07/22/2022,66000,1194.760009765625
07/21/2022,66500,1198.469970703125
07/20/2022,65000,1194.140014648438
07/19/2022,66100,1178.329956054688
07/18/2022,63600,1176.489990234375
07/15/2022,64000,1179.25
07/14/2022,64000,1182.170043945313
07/13/2022,65500,1173.920043945313
07/12/2022,66300,1174.819946289063
07/11/2022,62800,1155.2900390625
07/08/2022,63700,1171.31005859375
07/07/2022,61700,1166.47998046875
07/06/2022,61400,1149.609985351563
07/05/2022,61600,1181.2900390625
07/04/2022,62000,1195.530029296875
07/01/2022,64800,1198.900024414063
06/30/2022,65000,1197.599975585938
06/29/2022,69800,1218.089965820313
06/28/2022,70000,1218.099975585938
06/27/2022,68700,1202.819946289063
06/24/2022,64900,1185.47998046875
06/23/2022,65200,1188.880004882813
06/22/2022,61300,1169.27001953125
06/21/2022,62000,1172.469970703125
06/20/2022,64500,1180.400024414063
06/17/2022,65800,1217.300048828125
06/16/2022,66000,1236.630004882813
06/15/2022,64000,1213.930053710938
06/14/2022,66000,1230.31005859375
06/13/2022,65100,1227.0400390625
06/10/2022,70000,1284.079956054688
06/09/2022,73000,1307.800048828125
06/08/2022,73500,1307.910034179688
06/07/2022,70000,1291.349975585938
06/06/2022,69000,1290.010009765625
06/03/2022,68000,1287.97998046875
06/02/2022,67000,1288.619995117188
06/01/2022,65600,1299.52001953125
05/31/2022,66000,1292.680053710938
05/30/2022,65000,1293.920043945313
05/27/2022,63300,1285.449951171875
05/26/2022,62900,1268.569946289063
05/25/2022,63700,1268.430053710938
05/24/2022,60600,1233.380004882813
05/23/2022,60300,1218.81005859375
05/20/2022,60300,1240.7099609375
05/19/2022,59600,1241.640014648438
05/18/2022,59900,1240.760009765625
05/17/2022,58800,1228.369995117188
05/16/2022,55000,1171.949951171875
05/13/2022,54800,1182.77001953125
05/12/2022,58900,1238.839965820313
05/11/2022,63300,1301.530029296875
05/10/2022,63300,1293.56005859375
05/09/2022,61400,1269.619995117188
05/06/2022,66000,1329.260009765625
05/05/2022,69000,1360.680053710938
05/04/2022,68300,1348.680053710938
04/29/2022,70000,1366.800048828125
04/28/2022,69200,1350.989990234375
04/27/2022,70700,1353.77001953125
04/26/2022,68600,1341.339965820313
04/25/2022,64200,1310.920043945313
04/22/2022,69000,1379.22998046875
04/21/2022,74100,1370.2099609375
04/20/2022,79600,1384.719970703125
04/19/2022,85500,1406.449951171875
04/18/2022,87500,1432.599975585938
04/15/2022,86300,1458.56005859375
04/14/2022,80700,1472.119995117188
04/13/2022,81200,1477.199951171875
04/12/2022,77000,1455.25
04/08/2022,78800,1482
04/07/2022,77900,1502.349975585938
04/06/2022,82400,1522.900024414063
04/05/2022,84000,1520.030029296875
04/04/2022,85000,1524.699951171875
04/01/2022,80800,1516.43994140625
03/31/2022,80800,1492.150024414063
03/30/2022,79500,1490.510009765625
03/29/2022,80500,1497.760009765625
03/28/2022,79700,1483.180053710938
03/25/2022,77600,1498.5
03/24/2022,77100,1498.260009765625
03/23/2022,77300,1502.339965820313
03/22/2022,75800,1503.780029296875
03/21/2022,77100,1494.949951171875
03/18/2022,76500,1469.099975585938
03/17/2022,75900,1461.339965820313
03/16/2022,74400,1459.329956054688
03/15/2022,75600,1452.739990234375
03/14/2022,74400,1446.25
03/11/2022,74500,1466.5400390625
03/10/2022,77900,1479.079956054688
03/09/2022,78500,1473.739990234375
03/08/2022,78600,1473.7099609375
03/07/2022,81500,1499.050048828125
03/04/2022,81500,1505.329956054688
03/03/2022,81500,1505
03/02/2022,79000,1485.52001953125
03/01/2022,80300,1498.780029296875
02/28/2022,80300,1490.130004882813
02/25/2022,81900,1498.890014648438
02/24/2022,82500,1494.849975585938
02/23/2022,83000,1512.300048828125
02/22/2022,83500,1503.469970703125
02/21/2022,81000,1510.839965820313
02/18/2022,81000,1504.839965820313
02/17/2022,81800,1507.989990234375
02/16/2022,81500,1492.099975585938
02/15/2022,84400,1492.75
02/14/2022,84600,1471.9599609375
02/11/2022,84400,1501.7099609375
02/10/2022,82400,1506.7900390625
02/09/2022,80000,1505.380004882813
02/08/2022,80200,1500.989990234375
02/07/2022,80200,1497.660034179688
01/28/2022,78400,1478.9599609375
01/27/2022,79000,1470.760009765625
01/26/2022,78200,1481.579956054688
01/25/2022,79500,1479.579956054688
01/24/2022,74300,1439.7099609375
01/21/2022,79800,1472.890014648438
01/20/2022,81900,1465.300048828125
01/19/2022,79100,1442.7900390625
01/18/2022,74000,1438.93994140625
01/17/2022,74000,1452.839965820313
01/14/2022,79400,1496.02001953125
01/13/2022,79000,1496.050048828125
01/12/2022,82000,1510.510009765625
01/11/2022,78500,1492.31005859375
01/10/2022,77700,1503.7099609375
01/07/2022,78000,1528.47998046875
01/06/2022,78100,1528.569946289063
01/05/2022,73000,1522.5
01/04/2022,72100,1525.579956054688
12/31/2021,71300,1498.280029296875
12/30/2021,70800,1485.969970703125
12/29/2021,70800,1485.819946289063
12/28/2021,71700,1494.390014648438
12/27/2021,72000,1488.880004882813
12/24/2021,73600,1477.030029296875
12/23/2021,75000,1456.9599609375
12/22/2021,73000,1477.670043945313
12/21/2021,71700,1478.739990234375
12/20/2021,71200,1477.329956054688
12/17/2021,73000,1479.7900390625
12/16/2021,72000,1476.609985351563
12/15/2021,70600,1475.5
12/14/2021,70021,1476.02001953125
12/13/2021,70600,1476.2099609375
12/10/2021,69441,1463.5400390625
12/09/2021,65674,1467.97998046875
12/08/2021,63743,1452.869995117188
12/07/2021,63839,1446.77001953125
12/06/2021,61811,1413.579956054688
12/03/2021,64033,1443.319946289063
12/02/2021,68439,1482.050048828125
12/01/2021,68720,1485.18994140625
11/30/2021,69283,1478.43994140625
11/29/2021,66001,1484.839965820313
11/26/2021,66283,1493.030029296875
11/25/2021,67033,1500.81005859375
11/24/2021,66658,1488.869995117188
11/23/2021,64783,1463.630004882813
11/22/2021,64501,1447.25
11/19/2021,69283,1452.349975585938
11/18/2021,72470,1469.829956054688
11/17/2021,70220,1475.849975585938
11/16/2021,65626,1466.449951171875
11/15/2021,65814,1476.569946289063
11/12/2021,65064,1473.369995117188
11/11/2021,65720,1462.349975585938
11/10/2021,67501,1465.02001953125
11/09/2021,65814,1461.5
11/08/2021,64033,1467.569946289063
11/05/2021,64033,1456.510009765625
11/04/2021,62157,1448.339965820313
11/03/2021,59532,1444.300048828125
11/02/2021,58689,1452.4599609375
11/01/2021,55782,1438.969970703125
10/29/2021,57189,1444.27001953125
10/28/2021,57657,1438.010009765625
10/27/2021,57189,1423.02001953125
10/26/2021,55220,1391.630004882813
10/25/2021,54845,1385.400024414063
10/22/2021,54564,1389.239990234375
10/21/2021,54845,1384.77001953125
10/20/2021,52689,1393.800048828125
10/19/2021,50720,1395.329956054688
10/18/2021,51470,1395.530029296875
10/15/2021,51564,1392.699951171875
10/14/2021,50907,1391.849975585938
10/13/2021,49407,1391.910034179688
10/12/2021,50063,1394.800048828125
10/11/2021,50438,1394.089965820313
10/08/2021,50157,1372.72998046875
10/07/2021,50532,1365.989990234375
10/06/2021,50063,1362.819946289063
10/05/2021,49407,1354.630004882813
10/04/2021,48751,1339.5400390625
10/01/2021,48376,1334.890014648438
09/30/2021,49220,1342.06005859375
09/29/2021,49126,1339.2099609375
09/28/2021,47907,1339.31005859375
09/27/2021,47813,1324.989990234375
09/24/2021,48563,1351.170043945313
09/23/2021,49313,1352.760009765625
09/22/2021,49313,1350.680053710938
09/21/2021,48376,1339.839965820313
09/20/2021,49313,1350.47998046875
09/17/2021,50438,1352.640014648438
09/16/2021,50438,1345.869995117188
09/15/2021,50532,1345.829956054688
09/14/2021,51095,1339.699951171875
09/13/2021,51657,1341.430053710938
09/10/2021,52782,1345.31005859375
09/09/2021,51376,1343.97998046875
09/08/2021,50814,1333.609985351563
09/07/2021,51282,1341.900024414063
09/06/2021,51939,1346.390014648438
09/01/2021,49595,1334.650024414063
08/31/2021,49688,1331.469970703125
08/30/2021,48751,1328.140014648438
08/27/2021,46970,1313.199951171875
08/26/2021,46876,1301.119995117188
08/25/2021,47157,1309.550048828125
08/24/2021,47345,1298.739990234375
08/23/2021,46876,1298.859985351563
08/20/2021,48095,1329.430053710938
08/19/2021,49970,1374.849975585938
08/18/2021,49782,1360.93994140625
08/17/2021,50251,1363.089965820313
08/16/2021,51001,1370.9599609375
08/13/2021,50251,1357.050048828125
08/12/2021,50345,1353.050048828125
08/11/2021,49688,1357.7900390625
08/10/2021,49876,1362.430053710938
08/09/2021,49876,1359.859985351563
08/06/2021,47438,1341.449951171875
08/05/2021,47063,1345.550048828125
08/04/2021,47720,1334.739990234375
08/03/2021,47626,1332.43994140625
08/02/2021,47813,1314.219970703125
07/30/2021,46688,1310.050048828125
07/29/2021,45657,1293.599975585938
07/28/2021,45657,1277.069946289063
07/27/2021,45751,1276.930053710938
07/26/2021,45751,1272.7099609375
07/23/2021,46126,1268.829956054688
07/22/2021,46642,1293.670043945313
07/21/2021,45938,1270.7900390625
07/20/2021,46126,1273.2900390625
07/19/2021,44485,1243.510009765625
07/16/2021,46407,1299.31005859375
07/15/2021,46126,1293.920043945313
07/14/2021,45001,1279.910034179688
07/13/2021,46032,1297.5400390625
07/12/2021,45095,1296.300048828125
07/09/2021,47626,1347.140014648438
07/08/2021,48563,1374.680053710938
07/07/2021,48845,1388.550048828125
07/06/2021,47438,1354.7900390625
07/05/2021,50438,1411.130004882813
07/02/2021,52595,1420.27001953125
07/01/2021,53157,1417.079956054688
06/30/2021,53064,1408.550048828125
06/29/2021,53626,1410.0400390625
06/28/2021,53814,1405.81005859375
06/25/2021,53439,1390.119995117188
06/24/2021,53907,1379.719970703125
06/23/2021,53157,1376.869995117188
06/22/2021,53814,1379.969970703125
06/21/2021,54564,1372.630004882813
06/18/2021,55314,1377.77001953125
06/17/2021,55782,1359.920043945313
06/16/2021,53157,1356.52001953125
06/15/2021,53064,1367.359985351563
06/14/2021,51282,1361.719970703125
06/11/2021,50814,1351.739990234375
06/10/2021,50532,1323.579956054688
06/09/2021,51564,1332.900024414063
06/08/2021,52032,1319.880004882813
06/07/2021,53345,1358.780029296875
06/04/2021,51939,1374.050048828125
06/03/2021,50251,1364.280029296875
06/02/2021,49501,1340.780029296875
06/01/2021,50345,1337.780029296875
05/31/2021,51001,1328.050048828125
05/28/2021,50345,1320.4599609375
05/27/2021,49688,1303.569946289063
05/26/2021,50251,1316.699951171875
05/25/2021,51189,1308.579956054688
05/24/2021,51189,1297.97998046875
05/21/2021,48282,1283.930053710938
05/20/2021,47251,1278.219970703125
05/19/2021,47813,1262.489990234375
05/18/2021,47813,1252.680053710938
05/17/2021,47438,1258.699951171875
05/14/2021,49126,1266.359985351563
05/13/2021,50626,1261.989990234375
05/12/2021,51282,1269.089965820313
05/11/2021,48938,1256.0400390625
05/10/2021,48563,1259.579956054688
05/07/2021,46876,1241.81005859375
05/06/2021,48001,1250.569946289063
05/05/2021,48657,1256.430053710938
05/04/2021,47813,1242.199951171875
04/29/2021,49970,1239.390014648438
04/28/2021,48657,1229.550048828125
04/27/2021,46876,1219.75
04/26/2021,48657,1215.77001953125
04/23/2021,49220,1248.530029296875
04/22/2021,48470,1227.819946289063
04/20/2021,50814,1268.280029296875
04/19/2021,51470,1260.579956054688
04/16/2021,50438,1238.7099609375
04/15/2021,52314,1247.25
04/14/2021,53720,1255.869995117188
04/13/2021,54470,1248.329956054688
04/12/2021,55782,1252.449951171875
04/09/2021,55970,1231.660034179688
04/08/2021,55970,1234.890014648438
04/07/2021,56720,1242.380004882813
04/06/2021,55407,1239.9599609375
04/05/2021,55876,1236.050048828125
04/02/2021,56064,1224.449951171875
04/01/2021,55689,1216.099975585938
03/31/2021,54751,1191.43994140625
03/30/2021,55314,1186.359985351563
03/29/2021,55220,1175.680053710938
03/26/2021,54282,1162.2099609375
03/25/2021,54845,1163.099975585938
03/24/2021,55314,1161.81005859375
03/23/2021,57657,1183.449951171875
03/22/2021,58314,1194.430053710938
03/19/2021,58876,1194.050048828125
03/18/2021,57751,1200.93994140625
03/17/2021,57657,1186.089965820313
03/16/2021,57564,1179.900024414063
03/15/2021,57845,1184.56005859375
03/12/2021,58126,1181.56005859375
03/11/2021,58595,1181.72998046875
03/10/2021,58876,1170.079956054688
03/09/2021,57657,1161.969970703125
03/08/2021,58220,1168.27001953125
03/05/2021,58876,1168.68994140625
03/04/2021,59626,1168.52001953125
03/03/2021,59626,1186.949951171875
03/02/2021,59251,1186.609985351563
03/01/2021,57751,1186.170043945313
02/26/2021,57189,1168.469970703125
02/25/2021,57189,1165.430053710938
02/24/2021,57657,1162.010009765625
02/23/2021,58126,1177.640014648438
02/22/2021,58126,1175.0400390625
02/19/2021,57657,1173.5
02/18/2021,58032,1174.380004882813
02/17/2021,57095,1155.780029296875
02/09/2021,54189,1114.930053710938
02/08/2021,53814,1083.180053710938
02/05/2021,54939,1126.910034179688
02/04/2021,54845,1112.18994140625
02/03/2021,55032,1111.2900390625
02/02/2021,53626,1075.530029296875
02/01/2021,52782,1035.510009765625
01/29/2021,54751,1056.609985351563
01/28/2021,54751,1023.940002441406
01/27/2021,58782,1097.170043945313
01/26/2021,60001,1136.119995117188
01/25/2021,61314,1166.050048828125
01/22/2021,61782,1166.780029296875
01/21/2021,63470,1164.2099609375
01/20/2021,63189,1134.680053710938
01/19/2021,63282,1131
01/18/2021,66095,1191.93994140625
01/15/2021,65908,1194.199951171875
01/14/2021,64970,1187.400024414063
01/13/2021,65158,1186.050048828125
01/12/2021,65533,1192.280029296875
01/11/2021,63470,1184.890014648438
01/08/2021,61407,1167.68994140625
01/07/2021,60376,1156.489990234375
01/06/2021,60845,1143.2099609375
01/05/2021,60282,1132.550048828125
01/04/2021,59626,1120.469970703125
12/31/2020,59064,1103.869995117188
12/30/2020,59907,1097.5400390625
12/29/2020,60001,1099.489990234375
12/28/2020,60376,1091.329956054688
12/25/2020,60376,1084.420043945313
12/24/2020,60001,1067.52001953125
12/23/2020,61782,1078.900024414063
12/22/2020,62064,1083.449951171875
12/21/2020,60189,1081.079956054688
12/18/2020,59907,1067.4599609375
12/17/2020,58970,1051.77001953125
12/16/2020,59907,1066.989990234375
12/15/2020,59907,1055.27001953125
12/14/2020,58501,1064.089965820313
12/11/2020,58126,1045.9599609375
12/10/2020,56720,1030.910034179688
12/09/2020,58876,1039.130004882813
12/08/2020,58595,1029.260009765625
12/07/2020,58955,1029.97998046875
12/04/2020,58865,1021.489990234375
12/03/2020,58685,1019.799987792969
12/02/2020,57603,1014.320007324219
12/01/2020,57243,1008.869995117188
11/30/2020,57153,1003.080017089844
11/27/2020,57243,1010.219970703125
11/26/2020,56431,1005.969970703125
11/25/2020,56792,999.9400024414063
11/24/2020,58415,995.760009765625
11/23/2020,58595,994.1900024414063
11/20/2020,58234,990
11/19/2020,57603,983.260009765625
11/18/2020,56972,973.530029296875
11/17/2020,56341,968.9000244140625
11/16/2020,55079,950.7899780273438
11/13/2020,55350,966.2899780273438
11/12/2020,55259,959.280029296875
11/11/2020,55800,952.219970703125
11/10/2020,54809,951.9000244140625
11/09/2020,52104,951.989990234375
11/06/2020,51473,938.2899780273438
11/05/2020,51203,937.75
11/04/2020,52285,939.760009765625
11/03/2020,51473,935.4099731445313
11/02/2020,50752,933.6799926757813
10/30/2020,49670,925.469970703125
10/29/2020,49400,919.0800170898438
10/28/2020,49761,921.0499877929688
10/27/2020,50482,946.469970703125
10/26/2020,50932,950.7999877929688
10/23/2020,50031,961.260009765625
10/22/2020,49310,949.9000244140625
10/21/2020,48949,939.030029296875
10/20/2020,49580,944.4199829101563
10/19/2020,49851,943.6900024414063
10/16/2020,49851,943.2999877929688
10/15/2020,49130,942.760009765625
10/14/2020,50121,940.1799926757813
10/13/2020,50752,929.8599853515625
10/12/2020,50482,925.8300170898438
10/09/2020,52104,924
10/08/2020,52375,918.8400268554688
10/07/2020,52826,919.719970703125
10/06/2020,52916,915.6699829101563
10/05/2020,52916,914.6799926757813
10/02/2020,52104,909.9099731445313
10/01/2020,52555,914.0900268554688
09/30/2020,52555,905.2100219726563
09/29/2020,51203,903.97998046875
09/28/2020,52285,912.5
09/25/2020,52375,908.27001953125
09/24/2020,52735,908.5800170898438
09/23/2020,52735,912.5
09/22/2020,51834,906.1900024414063
09/21/2020,51834,907.9400024414063
09/18/2020,52195,900.9500122070313
09/17/2020,52285,894.0399780273438
09/16/2020,52826,897.469970703125
09/15/2020,53366,896.260009765625
09/14/2020,53547,894.5700073242188
09/11/2020,52735,888.969970703125
09/10/2020,52735,888.8200073242188
09/09/2020,52555,889.3200073242188
09/08/2020,51834,890.1400146484375
09/07/2020,51383,888.25
09/04/2020,52285,901.5399780273438
09/03/2020,51924,903.969970703125
09/01/2020,51924,891.72998046875
08/31/2020,50932,881.6500244140625
08/28/2020,52285,878.97998046875
08/27/2020,53096,874.7100219726563
08/26/2020,52735,873.469970703125
08/25/2020,52375,874.1199951171875
08/24/2020,52735,868.6799926757813
08/21/2020,53096,854.780029296875
08/20/2020,51924,848.2100219726563
08/19/2020,51654,851.2100219726563
08/18/2020,48769,846.4299926757813
08/17/2020,48679,850.1500244140625
08/14/2020,48679,850.739990234375
08/13/2020,48408,855.0499877929688
08/12/2020,48318,846.9199829101563
08/11/2020,48408,843.0800170898438
08/10/2020,48679,843.2000122070313
08/07/2020,47687,841.4600219726563
08/06/2020,47507,840.0399780273438
08/05/2020,47777,837.7999877929688
08/04/2020,46696,827.5700073242188
08/03/2020,46425,814.6500244140625
07/31/2020,45073,798.3900146484375
07/30/2020,45524,801.1300048828125
07/29/2020,45704,790.8400268554688
07/28/2020,46425,813.3599853515625
07/27/2020,44217,785.1699829101563
07/24/2020,47507,829.1599731445313
07/23/2020,49130,856.75
07/22/2020,48949,855.0800170898438
07/21/2020,49400,861.6900024414063
07/20/2020,48138,861.4000244140625
07/17/2020,48408,872.02001953125
07/16/2020,47417,876.8300170898438
07/15/2020,47507,869.9099731445313
07/14/2020,47777,868.1099853515625
07/13/2020,47056,868.719970703125
07/10/2020,47687,871.2100219726563
07/09/2020,48408,876.4600219726563
07/08/2020,48679,864.5
07/07/2020,47777,863.4199829101563
07/06/2020,47507,861.1599731445313
07/03/2020,47417,847.6099853515625
07/02/2020,47507,842.3800048828125
07/01/2020,46425,843.489990234375
06/30/2020,44803,825.1099853515625
06/29/2020,44803,829.3599853515625
06/26/2020,45974,851.97998046875
06/25/2020,45614,854.5900268554688
06/24/2020,45614,859.7100219726563
06/23/2020,46966,868.2000122070313
06/22/2020,47417,871.280029296875
06/19/2020,47146,868.5599975585938
06/18/2020,46335,855.27001953125
06/17/2020,45073,854.4400024414063
06/16/2020,45253,856.1300048828125
06/15/2020,44036,832.469970703125
06/12/2020,45704,863.52001953125
06/11/2020,45073,867.3699951171875
06/10/2020,48138,900
06/09/2020,48408,899.4299926757813
06/08/2020,54700,899.9199829101563
06/05/2020,54600,886.219970703125
06/04/2020,53700,883.9000244140625
06/03/2020,54500,881.1699829101563
06/02/2020,51100,874.7999877929688
06/01/2020,53000,878.6699829101563
05/29/2020,50900,864.469970703125
05/28/2020,50000,861.3900146484375
05/27/2020,49000,857.47998046875
05/26/2020,51300,869.1300048828125
05/25/2020,48650,859.0399780273438
05/22/2020,45500,852.739990234375
05/21/2020,46000,862.72998046875
05/20/2020,45300,852.9099731445313
05/19/2020,44550,845.9199829101563
05/18/2020,44550,837.010009765625
05/15/2020,44000,827.030029296875
05/14/2020,44500,832.4000244140625
05/13/2020,46600,834.2100219726563
05/12/2020,46000,835.3200073242188
05/11/2020,44700,828.3300170898438
05/08/2020,44150,813.72998046875
05/07/2020,45200,796.5399780273438
05/06/2020,44900,782.5900268554688
05/05/2020,44050,764.1599731445313
05/04/2020,43300,762.469970703125
04/29/2020,45200,769.1099853515625
04/28/2020,45850,767.2100219726563
04/27/2020,45850,770.77001953125
04/24/2020,43100,776.6599731445313
04/23/2020,42000,773.9099731445313
04/22/2020,42000,768.9199829101563
04/21/2020,41100,766.8400268554688
04/20/2020,43700,794.969970703125
04/17/2020,44300,789.5999755859375
04/16/2020,42850,780.7000122070313
04/15/2020,42700,777.219970703125
04/14/2020,40900,767.4099731445313
04/13/2020,41050,765.7899780273438
04/10/2020,41900,757.9400024414063
04/09/2020,40700,760.3300170898438
04/08/2020,40500,748.02001953125
04/07/2020,39900,746.6900024414063
04/06/2020,38850,736.75
04/03/2020,36350,701.7999877929688
04/01/2020,34500,680.22998046875
03/31/2020,33000,662.530029296875
03/30/2020,34350,662.260009765625
03/27/2020,36900,696.0599975585938
03/26/2020,37650,694.2100219726563
03/25/2020,38900,690.25
03/24/2020,37200,659.2100219726563
03/23/2020,38450,666.5900268554688
03/20/2020,41300,709.72998046875
03/19/2020,41000,725.9400024414063
03/18/2020,41700,747.6599731445313
03/17/2020,42300,745.780029296875
03/16/2020,41500,747.8599853515625
03/13/2020,41000,761.780029296875
03/12/2020,41400,769.25
03/11/2020,44500,811.3499755859375
03/10/2020,44600,837.5
03/09/2020,44550,835.489990234375
03/06/2020,47850,891.4400024414063
03/05/2020,47700,893.3099975585938
03/04/2020,46600,889.3699951171875
03/03/2020,47000,890.6099853515625
03/02/2020,46800,884.4299926757813
02/28/2020,47200,882.1900024414063
02/27/2020,45300,898.4400024414063
02/26/2020,44850,895.969970703125
02/25/2020,45300,909.6699829101563
02/24/2020,48000,903.3400268554688
02/21/2020,47200,933.0900268554688
02/20/2020,46950,938.1300048828125
02/19/2020,43900,928.760009765625
02/18/2020,42250,927.9299926757813
02/17/2020,39500,934.77001953125
02/14/2020,40200,937.4500122070313
02/13/2020,40200,938.239990234375
02/12/2020,39500,937.6799926757813
02/11/2020,38900,934.6699829101563
02/10/2020,38100,930.72998046875
02/07/2020,38500,940.75
02/06/2020,36000,938.5399780273438
02/05/2020,33650,925.9099731445313
02/04/2020,33200,929.0900268554688
02/03/2020,34100,928.1400146484375
01/31/2020,36350,936.6199951171875
01/30/2020,39000,959.5800170898438
01/22/2020,40000,991.4600219726563
01/21/2020,38950,986.3699951171875
01/20/2020,39300,978.6300048828125
01/17/2020,40150,978.9600219726563
01/16/2020,40100,974.3099975585938
01/15/2020,38650,967.5599975585938
01/14/2020,38650,967
01/13/2020,38350,965.8400268554688
01/10/2020,38900,968.5399780273438
01/09/2020,39000,960.1500244140625
01/08/2020,37500,948.97998046875
01/07/2020,39000,958.8800048828125
01/06/2020,39100,955.7899780273438
01/03/2020,40300,965.1400146484375
01/02/2020,38750,966.6699829101563
12/31/2019,38200,960.989990234375
12/30/2019,38500,965.030029296875
12/27/2019,40450,963.510009765625
12/26/2019,40550,958.5900268554688
12/25/2019,41400,960.9199829101563
12/24/2019,40000,958.8800048828125
12/23/2019,41800,959.4299926757813
12/20/2019,44459,956.4099731445313
12/19/2019,47678,952.260009765625
12/18/2019,48891,951.1300048828125
12/17/2019,48611,954.030029296875
12/16/2019,48611,961.469970703125
12/13/2019,48331,966.1799926757813
12/12/2019,48518,968.1699829101563
12/11/2019,48051,961.780029296875
12/10/2019,50197,960.2999877929688
12/09/2019,53800,966.0599975585938
12/06/2019,54200,963.5599975585938
12/05/2019,54900,963.27001953125
12/04/2019,55000,965.9000244140625
12/03/2019,54600,953.4299926757813
12/02/2019,54000,959.3099975585938
11/29/2019,56800,970.75
11/28/2019,56800,970.3900146484375
11/27/2019,56200,978.1699829101563
11/26/2019,56400,976.7899780273438
11/25/2019,57000,976.3499755859375
11/22/2019,58000,977.780029296875
11/21/2019,58700,987.8900146484375
11/20/2019,59800,1000.559997558594
11/19/2019,57800,1008.349975585938
11/18/2019,56500,1002.909973144531
11/15/2019,56400,1010.030029296875
11/14/2019,55300,1012.299987792969
11/13/2019,55000,1012.77001953125
11/12/2019,56900,1018.330017089844
11/11/2019,57900,1016.75
11/08/2019,58200,1022.489990234375
11/07/2019,58100,1024.030029296875
11/06/2019,59000,1024.910034179688
11/05/2019,57200,1024.339965820313
11/04/2019,57800,1022.429992675781
11/01/2019,58700,1015.590026855469
10/31/2019,58900,998.8200073242188
10/30/2019,59000,1000.890014648438
10/29/2019,60000,995.8699951171875
10/28/2019,60700,996.47998046875
10/25/2019,62200,996.5700073242188
10/24/2019,62000,993.5999755859375
10/23/2019,59100,987.7899780273438
10/22/2019,59900,987.1900024414063
10/21/2019,60000,983.5599975585938
10/18/2019,60000,989.2000122070313
10/17/2019,60900,989.8200073242188
10/16/2019,59300,994.4600219726563
10/15/2019,60000,993.0499877929688
10/14/2019,60700,993.5700073242188
10/11/2019,62500,991.8400268554688
10/10/2019,62600,987.3800048828125
10/09/2019,60800,987.8300170898438
10/08/2019,59000,988.219970703125
10/07/2019,59700,983.0900268554688
10/04/2019,60800,987.5900268554688
10/03/2019,60200,989.6699829101563
10/02/2019,59300,991.1900024414063
10/01/2019,61400,999.5900268554688
09/30/2019,61000,996.5599975585938
09/27/2019,60400,997.8400268554688
09/26/2019,57800,990.75
09/25/2019,57900,987.2999877929688
09/24/2019,55700,988.1300048828125
09/23/2019,53900,985.75
09/20/2019,54300,990.3599853515625
09/19/2019,55500,997.0999755859375
09/18/2019,56000,995.1500244140625
09/17/2019,55400,996.739990234375
09/16/2019,54100,989.8599853515625
09/13/2019,54900,987.219970703125
09/12/2019,55000,976.0700073242188
09/11/2019,55300,969.3099975585938
09/10/2019,53300,970.260009765625
09/09/2019,55000,974.1199951171875
09/06/2019,59100,974.0800170898438
09/05/2019,62400,976.7899780273438
09/04/2019,62400,977.6300048828125
09/03/2019,63690,979.3599853515625
08/30/2019,68452,984.0599975585938
08/29/2019,69543,978.5900268554688
08/28/2019,70832,977.260009765625
08/27/2019,70436,976.7899780273438
08/26/2019,70237,982.8800048828125
08/23/2019,72200,992.4500122070313
08/22/2019,73100,997.260009765625
08/21/2019,73100,994.3800048828125
08/20/2019,74100,984.6699829101563
08/19/2019,71800,981.030029296875
08/16/2019,71600,980
08/15/2019,72000,979.3800048828125
08/14/2019,69200,968.9099731445313
08/13/2019,70000,966.8300170898438
08/12/2019,72500,975.3099975585938
08/09/2019,75300,974.3400268554688
08/08/2019,75200,975.239990234375
08/07/2019,75600,965.9299926757813
08/06/2019,75300,964.6099853515625
08/05/2019,75600,973.1500244140625
08/02/2019,74000,991.0999755859375
08/01/2019,72200,997.3900146484375
07/31/2019,69600,991.6599731445313
07/30/2019,67500,986.02001953125
07/29/2019,68600,997.9400024414063
07/26/2019,69000,993.3499755859375
07/25/2019,68800,994.9500122070313
07/24/2019,70500,988.4099731445313
07/23/2019,69800,989.4600219726563
07/22/2019,67500,982.0399780273438
07/19/2019,65000,982.3400268554688
07/18/2019,64400,976.0499877929688
07/17/2019,61500,982.5700073242188
07/16/2019,61900,982.1099853515625
07/15/2019,60800,972.530029296875
07/12/2019,59700,975.4000244140625
07/11/2019,59800,978.6300048828125
07/10/2019,59800,973.6500244140625
07/09/2019,59600,969.0499877929688
07/08/2019,58600,966.3499755859375
07/05/2019,60600,975.3400268554688
07/04/2019,61000,973.0399780273438
07/03/2019,59500,960.3900146484375
07/02/2019,59500,961.97998046875
07/01/2019,59300,965.6099853515625
06/28/2019,61200,949.9400024414063
06/27/2019,57600,943.1099853515625
06/26/2019,57900,959.1300048828125
06/25/2019,57400,960.1300048828125
06/24/2019,57000,962.8499755859375
06/21/2019,58900,959.2000122070313
06/20/2019,58800,959.1799926757813
06/19/2019,58600,949.6900024414063
06/18/2019,56000,944.010009765625
06/17/2019,55800,946.9500122070313
06/14/2019,56000,953.6099853515625
06/13/2019,57500,950.0800170898438
06/12/2019,56800,954.1699829101563
06/11/2019,56900,962.0700073242188
06/10/2019,58500,962.9000244140625
06/07/2019,58000,958.280029296875
06/06/2019,56500,948.2100219726563
06/05/2019,56600,951.4099731445313
06/04/2019,55000,951.1599731445313
06/03/2019,54000,946.469970703125
05/31/2019,55900,959.8800048828125
05/30/2019,58100,969.3400268554688
05/29/2019,58000,971.5399780273438
05/28/2019,62000,972
05/27/2019,61600,975.1400146484375
05/24/2019,59200,970.030029296875
05/23/2019,60000,982.7100219726563
05/22/2019,57600,983.780029296875
05/21/2019,58800,986.2899780273438
05/20/2019,59400,987.1300048828125
05/17/2019,55700,976.47998046875
05/16/2019,55700,975.6900024414063
05/15/2019,55400,975.6400146484375
05/14/2019,55500,965.3400268554688
05/13/2019,54100,958.5399780273438
05/10/2019,51100,952.5499877929688
05/09/2019,51500,947.010009765625
05/08/2019,51700,951.219970703125
05/07/2019,51900,957.5599975585938
05/06/2019,50600,957.969970703125
05/03/2019,50600,974.1400146484375
05/02/2019,51600,978.5
04/26/2019,52000,979.6400146484375
04/25/2019,50300,974.1300048828125
04/24/2019,50700,976.9199829101563
04/23/2019,49000,968
04/22/2019,48500,965.8599853515625
04/19/2019,50000,966.2100219726563
04/18/2019,50000,962.2999877929688
04/17/2019,50500,972.0999755859375
04/16/2019,50500,977.1699829101563
04/12/2019,51300,982.9000244140625
04/11/2019,51300,985.9500122070313
04/10/2019,51500,981.9099731445313
04/09/2019,50900,988.47998046875
04/08/2019,52300,997.5599975585938
04/05/2019,52900,989.260009765625
04/04/2019,53300,986.9099731445313
04/03/2019,52500,984.4600219726563
04/02/2019,52200,985.8099975585938
04/01/2019,52500,988.530029296875
03/29/2019,52600,980.760009765625
03/28/2019,52000,982.97998046875
03/27/2019,50400,975.9099731445313
03/26/2019,47900,969.7899780273438
03/25/2019,49500,970.0700073242188
03/22/2019,53200,988.7100219726563
03/21/2019,56200,981.780029296875
03/20/2019,54000,1002.299987792969
03/19/2019,53000,1006.590026855469
03/18/2019,51300,1011.859985351563
03/15/2019,49200,1004.119995117188
03/14/2019,49000,1008.440002441406
03/13/2019,49900,1005.409973144531
03/12/2019,49150,1001.320007324219
03/11/2019,49000,984.5999755859375
03/08/2019,47400,985.25
03/07/2019,44750,994.030029296875
03/06/2019,45700,994.489990234375
03/05/2019,45700,992.4500122070313
03/04/2019,46000,993.989990234375
03/01/2019,45400,979.6300048828125
02/28/2019,44000,965.469970703125
02/27/2019,45000,990.27001953125
02/26/2019,43900,987.0599975585938
02/25/2019,43000,994.4299926757813
02/22/2019,40500,988.9099731445313
02/21/2019,39700,987.5700073242188
02/20/2019,39900,970.5800170898438
02/19/2019,39800,964.3499755859375
02/18/2019,39500,961.2999877929688
02/15/2019,38200,950.8900146484375
02/14/2019,37600,952.3400268554688
02/13/2019,37950,945.25
02/12/2019,37600,937.5399780273438
02/11/2019,36450,926.0999755859375
02/01/2019,35550,908.6699829101563
01/31/2019,35500,910.6500244140625
01/30/2019,35900,915.8400268554688
01/29/2019,35900,915.9299926757813
01/28/2019,34900,912.1799926757813
01/25/2019,35600,908.8800048828125
01/24/2019,35900,908.7899780273438
01/23/2019,36200,908.1799926757813
01/22/2019,35500,906.5499877929688
01/21/2019,36100,911.0499877929688
01/18/2019,36000,902.2999877929688
01/17/2019,34700,901.8900146484375
01/16/2019,36000,908.7000122070313
01/15/2019,36500,909.6799926757813
01/14/2019,36500,901.7999877929688
01/11/2019,36000,902.7100219726563
01/10/2019,35100,898.2999877929688
01/09/2019,35300,896.989990234375
01/08/2019,35000,887.4400024414063
01/07/2019,35000,889.6400146484375
01/04/2019,34650,880.9000244140625
01/03/2019,33950,878.219970703125
01/02/2019,34000,891.75
12/28/2018,33450,892.5399780273438
12/27/2018,32500,900.8099975585938
12/26/2018,31800,891.75
12/25/2018,31800,897.9400024414063
12/24/2018,32750,908.5599975585938
12/21/2018,32950,912.260009765625
12/20/2018,32500,918.239990234375
12/19/2018,31500,919.239990234375
12/18/2018,30500,927.25
12/17/2018,30500,933.6500244140625
12/14/2018,29900,952.0399780273438
12/13/2018,30500,960.25
12/12/2018,30200,961.280029296875
12/11/2018,29819,954.5800170898438
12/10/2018,30200,955.8900146484375
12/07/2018,30581,958.5900268554688
12/06/2018,30533,954.8200073242188
12/05/2018,30390,957.1400146484375
12/04/2018,30867,958.8400268554688
12/03/2018,30867,951.5900268554688
11/30/2018,30010,926.5399780273438
11/29/2018,30400,926.7899780273438
11/28/2018,31500,930.2000122070313
11/27/2018,31950,923.1199951171875
11/26/2018,32000,921.030029296875
11/23/2018,31100,917.969970703125
11/22/2018,32000,924.4199829101563
11/21/2018,32000,922.5599975585938
11/20/2018,31900,919.02001953125
11/19/2018,30700,916.0599975585938
11/16/2018,31000,898.1900024414063
11/15/2018,30850,897.1500244140625
11/14/2018,30850,900.9299926757813
11/13/2018,29200,905.3800048828125
11/12/2018,28600,918.1199951171875
11/09/2018,28900,914.2899780273438
11/08/2018,29000,926.280029296875
11/07/2018,29200,922.1599731445313
11/06/2018,29300,922.0499877929688
11/05/2018,29800,925.530029296875
11/02/2018,28900,924.8599853515625
11/01/2018,28250,907.9600219726563
10/31/2018,28500,914.760009765625
10/30/2018,27600,888.6900024414063
10/29/2018,28100,888.8200073242188
10/26/2018,28050,900.8200073242188
10/25/2018,28200,910.1699829101563
10/24/2018,28100,922.72998046875
10/23/2018,28700,939.6799926757813
10/22/2018,28800,953.510009765625
10/19/2018,29200,958.3599853515625
10/18/2018,29100,963.469970703125
10/17/2018,29100,971.5999755859375
10/16/2018,29300,963.3699951171875
10/15/2018,28200,951.6400146484375
10/12/2018,27700,970.0800170898438
10/11/2018,26400,945.8900146484375
10/10/2018,28000,993.9600219726563
10/09/2018,28500,996.1900024414063
10/08/2018,29000,996.1199951171875
10/05/2018,28450,1008.390014648438
10/04/2018,27650,1023.619995117188
10/03/2018,26800,1020.400024414063
10/02/2018,26800,1018.789978027344
10/01/2018,26950,1012.880004882813
09/28/2018,26600,1017.130004882813
09/27/2018,26900,1015.369995117188
09/26/2018,27450,1009.609985351563
09/25/2018,27000,1010.739990234375
09/24/2018,26250,1011.289978027344
09/21/2018,26400,1002.969970703125
09/20/2018,26750,1004.739990234375
09/19/2018,26500,995.5399780273438
09/18/2018,27100,993.489990234375
09/17/2018,26800,987.6099853515625
09/14/2018,25750,991.3400268554688
09/13/2018,24850,987.9500122070313
09/12/2018,24900,987.010009765625
09/11/2018,24500,985.0599975585938
09/10/2018,24650,970.3400268554688
09/07/2018,25000,968.9000244140625
09/06/2018,24550,958.1900024414063
09/05/2018,24950,968.4400024414063
09/04/2018,25000,975.9400024414063
08/31/2018,25250,989.5399780273438
08/30/2018,25450,998.0700073242188
08/29/2018,25200,988.1699829101563
08/28/2018,25700,995.1900024414063
08/27/2018,25500,991.9199829101563
08/24/2018,26000,987.0499877929688
08/23/2018,26000,987.3599853515625
08/22/2018,24500,982.1500244140625
08/21/2018,24400,979.2100219726563
08/20/2018,23900,969.6199951171875
08/17/2018,24300,968.8800048828125
08/16/2018,24350,964.280029296875
08/15/2018,24350,961.3699951171875
08/14/2018,24500,978.27001953125
08/13/2018,24200,978.0399780273438
08/10/2018,24000,968.469970703125
08/09/2018,23600,963.5
08/08/2018,23600,966.27001953125
08/07/2018,23400,956.7899780273438
08/06/2018,23350,960.22998046875
08/03/2018,23700,959.5999755859375
08/02/2018,23500,953.5499877929688
08/01/2018,24000,952.77001953125
07/31/2018,24800,956.3900146484375
07/30/2018,23400,949.72998046875
07/27/2018,21900,935.52001953125
07/26/2018,20500,930.1599731445313
07/25/2018,20000,927.5800170898438
07/24/2018,19950,934.0800170898438
07/23/2018,20050,936.739990234375
07/20/2018,20050,933.3900146484375
07/19/2018,20100,943.969970703125
07/18/2018,20250,942.3900146484375
07/17/2018,20100,921.27001953125
07/16/2018,19900,911.1099853515625
07/13/2018,20000,909.719970703125
07/12/2018,20000,898.510009765625
07/11/2018,19850,893.1599731445313
07/10/2018,20250,911.1199951171875
07/09/2018,19500,915.1199951171875
07/06/2018,19500,917.510009765625
07/05/2018,18600,899.4000244140625
07/04/2018,19000,914.989990234375
07/03/2018,18900,906.010009765625
07/02/2018,19600,947.1500244140625
06/29/2018,20800,960.780029296875
06/28/2018,21000,957.3499755859375
06/27/2018,21600,968.9099731445313
06/26/2018,22700,983.02001953125
06/25/2018,23000,990.52001953125
06/22/2018,22600,983.1699829101563
06/21/2018,22600,969.4000244140625
06/20/2018,23100,980.9500122070313
06/19/2018,22450,962.1599731445313
06/18/2018,24000,987.3400268554688
06/15/2018,25400,1016.510009765625
06/14/2018,25850,1015.719970703125
06/13/2018,25320,1030.530029296875
06/12/2018,25206,1020.760009765625
06/11/2018,25974,1039.02001953125
06/08/2018,26629,1039.010009765625
06/07/2018,26742,1036.68994140625
06/06/2018,26174,1034.5
06/05/2018,24637,1022.739990234375
06/04/2018,24865,1013.780029296875
06/01/2018,24182,992.8699951171875
05/31/2018,24296,971.25
05/30/2018,23499,948.5
05/29/2018,23613,952.1799926757813
05/28/2018,22361,931.75
05/25/2018,23954,963.9000244140625
05/24/2018,24580,985.9199829101563
05/23/2018,24239,988.9400024414063
05/22/2018,24239,985.9099731445313
05/21/2018,24922,1014.97998046875
05/18/2018,25320,1040.5400390625
05/17/2018,25206,1030.640014648438
05/16/2018,25178,1054.619995117188
05/15/2018,25320,1073.5
05/14/2018,24979,1066.97998046875
05/11/2018,23954,1044.849975585938
05/10/2018,23698,1028.869995117188
05/09/2018,23499,1056.969970703125
05/08/2018,23442,1060.449951171875
05/07/2018,22873,1062.260009765625
05/04/2018,22873,1026.800048828125
05/03/2018,23328,1026.4599609375
05/02/2018,23215,1029.079956054688
04/27/2018,23215,1050.260009765625
04/26/2018,22987,1044.859985351563
04/24/2018,23044,1080.739990234375
04/23/2018,22873,1076.780029296875
04/20/2018,23727,1119.859985351563
04/19/2018,23898,1094.630004882813
04/18/2018,24466,1138.530029296875
04/17/2018,24609,1153.280029296875
04/16/2018,24950,1148.489990234375
04/13/2018,24239,1157.140014648438
04/12/2018,24125,1173.02001953125
04/11/2018,24353,1167.109985351563
04/10/2018,25206,1198.119995117188
04/09/2018,25576,1204.329956054688
04/06/2018,26174,1199.9599609375
04/05/2018,26344,1193.170043945313
04/04/2018,26174,1191.5400390625
04/03/2018,27027,1188.2900390625
04/02/2018,27283,1196.609985351563
03/30/2018,26287,1174.4599609375
03/29/2018,25576,1167.030029296875
03/28/2018,25320,1172.239990234375
03/27/2018,25320,1171.72998046875
03/26/2018,25604,1171.219970703125
03/23/2018,26003,1153.589965820313
03/22/2018,26572,1172.359985351563
03/21/2018,26742,1169.359985351563
03/20/2018,26344,1159.390014648438
03/19/2018,26629,1159.219970703125
03/16/2018,27539,1150.18994140625
03/15/2018,27767,1138.760009765625
03/14/2018,28336,1138.089965820313
03/13/2018,27596,1133.31005859375
03/12/2018,27994,1126.2900390625
03/09/2018,28734,1123.410034179688
03/08/2018,29303,1124.150024414063
03/07/2018,28734,1112.260009765625
03/06/2018,28450,1120.2900390625
03/05/2018,27312,1093.47998046875
03/02/2018,27994,1121.2099609375
03/01/2018,27653,1115.7900390625
02/28/2018,27255,1121.5400390625
02/27/2018,25775,1119.609985351563
02/26/2018,26174,1114.530029296875
02/23/2018,26174,1102.849975585938
02/22/2018,25889,1076.030029296875
02/21/2018,26287,1087.150024414063
02/13/2018,26799,1059.72998046875
02/12/2018,25889,1041.7900390625
02/09/2018,24438,1003.940002441406
02/08/2018,24410,1023.25
02/07/2018,24751,1040.550048828125
02/06/2018,24694,1011.599975585938
02/05/2018,24751,1048.7099609375
02/02/2018,26230,1105.0400390625
02/01/2018,26373,1099.670043945313
01/31/2018,26913,1110.359985351563
01/30/2018,26629,1110.56005859375
01/29/2018,26174,1109.800048828125
01/26/2018,28108,1115.640014648438
01/25/2018,28563,1104.569946289063
01/22/2018,29587,1087.420043945313
01/19/2018,28620,1087.420043945313
01/18/2018,28279,1062.069946289063
01/17/2018,27824,1050.25
01/16/2018,28962,1034.68994140625
01/15/2018,28336,1062.9599609375
01/12/2018,27084,1063.469970703125
01/11/2018,27255,1050.109985351563
01/10/2018,27255,1048.170043945313
01/09/2018,27312,1038.109985351563
01/08/2018,27653,1033.56005859375
01/05/2018,26742,1022.900024414063
01/04/2018,26742,1012.650024414063
01/03/2018,25889,1019.75
01/02/2018,26174,1005.669982910156
12/29/2017,24666,995.77001953125
12/28/2017,24893,984.239990234375
12/27/2017,24410,976.719970703125
12/26/2017,23954,968.4600219726563
12/25/2017,23613,965.9299926757813
12/22/2017,24182,958.3099975585938
12/21/2017,24438,952.3200073242188
12/20/2017,24239,946.0599975585938
12/19/2017,23613,953.510009765625
12/18/2017,23499,951.4199829101563
12/15/2017,23556,958.0599975585938
12/14/2017,23784,935.1599731445313
12/13/2017,23585,935.8499755859375
12/12/2017,23784,924.4000244140625
12/11/2017,23898,927.25
12/08/2017,24466,917.4500122070313
12/07/2017,24922,940.1599731445313
12/06/2017,24068,938.6500244140625
12/05/2017,24466,947.6400146484375
12/04/2017,25292,953.2999877929688
12/01/2017,25320,970.02001953125
11/30/2017,24239,960.3300170898438
11/29/2017,23755,949.9299926757813
11/28/2017,23670,952.1400146484375
11/27/2017,24011,941.2100219726563
11/24/2017,24040,938.6099853515625
11/23/2017,23044,935.5700073242188
11/22/2017,22532,933.7000122070313
11/21/2017,22703,932.6599731445313
11/20/2017,22703,918.2999877929688
11/17/2017,22589,903.5499877929688
11/16/2017,22816,890.6900024414063
11/15/2017,22248,892.7999877929688
11/14/2017,21593,882.5900268554688
11/13/2017,21678,880.9000244140625
11/10/2017,22134,879.3400268554688
11/09/2017,22219,868.2100219726563
11/08/2017,22361,860.4000244140625
11/07/2017,22646,859.7000122070313
11/06/2017,22646,850.3300170898438
11/03/2017,22248,849.0900268554688
11/02/2017,22191,843.72998046875
11/01/2017,22930,833.0900268554688
10/31/2017,23272,842.7100219726563
10/30/2017,23016,837.280029296875
10/27/2017,22930,845.2000122070313
10/26/2017,22703,840.3699951171875
10/25/2017,22816,830.1099853515625
10/24/2017,22930,830.6900024414063
10/23/2017,22959,825.239990234375
10/20/2017,23471,820.0399780273438
10/19/2017,23528,826.8400268554688
10/18/2017,23784,828.9299926757813
10/17/2017,23841,827.719970703125
10/16/2017,24182,828.2899780273438
10/13/2017,23784,819.4299926757813
10/12/2017,23784,820.9500122070313
10/11/2017,23898,815.8699951171875
10/10/2017,23898,813.9500122070313
10/09/2017,23613,810.6500244140625
10/06/2017,23869,808.9600219726563
10/05/2017,23272,807.7999877929688
10/04/2017,23272,805.22998046875
10/03/2017,23215,805.6599731445313
10/02/2017,23499,798
09/29/2017,23898,802.22998046875
09/28/2017,23328,804.4199829101563
09/27/2017,23841,804.8200073242188
09/26/2017,24267,803.77001953125
09/25/2017,24523,805.3499755859375
09/22/2017,24466,805.5800170898438
09/21/2017,24068,807.1300048828125
09/20/2017,24068,803.9299926757813
09/19/2017,23784,805.8599853515625
09/18/2017,24182,805.9299926757813
09/15/2017,23528,807.8699951171875
09/14/2017,23414,805.8200073242188
09/13/2017,23158,806.3200073242188
09/12/2017,22646,802.780029296875
09/11/2017,22191,799.9400024414063
09/08/2017,22760,797.469970703125
09/07/2017,23328,801.2000122070313
09/06/2017,23499,796.719970703125
09/05/2017,23556,793.5499877929688
09/01/2017,23243,792.3099975585938
08/31/2017,23442,788.72998046875
08/30/2017,23585,782.760009765625
08/29/2017,23101,778.6500244140625
08/28/2017,22674,774.030029296875
08/25/2017,22532,777.260009765625
08/24/2017,22703,771.6300048828125
08/23/2017,22532,769.77001953125
08/22/2017,22475,765.97998046875
08/21/2017,22873,761.260009765625
08/18/2017,23101,768.7899780273438
08/17/2017,23385,768.969970703125
08/16/2017,23784,767.5900268554688
08/15/2017,23727,773.5700073242188
08/14/2017,22560,771.0599975585938
08/11/2017,22475,776.1699829101563
08/10/2017,22703,772.0800170898438
08/09/2017,22191,773.4299926757813
08/08/2017,22760,773.6599731445313
08/07/2017,22930,791.5700073242188
08/04/2017,22617,792.97998046875
08/03/2017,22617,788.6799926757813
08/02/2017,22077,788.489990234375
08/01/2017,22077,786.22998046875
07/31/2017,22020,786.8099975585938
07/28/2017,21963,783.5499877929688
07/27/2017,21280,777.0900268554688
07/26/2017,21337,771.5
07/25/2017,20768,773.8800048828125
07/24/2017,19630,767.27001953125
07/21/2017,19459,759.739990234375
07/20/2017,19459,761.8599853515625
07/19/2017,19431,768.4099731445313
07/18/2017,19630,771.2999877929688
07/17/2017,19858,767.489990234375
07/14/2017,19801,768.9099731445313
07/13/2017,19972,777.5999755859375
07/12/2017,19972,778.2999877929688
07/11/2017,19687,774.1699829101563
07/10/2017,19516,769.3599853515625
07/07/2017,20256,766.5599975585938
07/06/2017,20256,775.72998046875
07/05/2017,19915,782.6500244140625
07/04/2017,19630,778.3200073242188
07/03/2017,19886,775.5399780273438
06/30/2017,19858,778.8800048828125
06/29/2017,19858,776.469970703125
06/28/2017,19801,771.75
06/27/2017,19630,769.0399780273438
06/26/2017,20199,767.510009765625
06/23/2017,20484,772.52001953125
06/22/2017,20711,769.010009765625
06/21/2017,20711,766.2999877929688
06/20/2017,19744,767.4099731445313
06/19/2017,19346,767.989990234375
06/16/2017,19516,766.8300170898438
06/15/2017,19402,761.239990234375
06/14/2017,19346,760.5700073242188
06/13/2017,18606,760.77001953125
06/12/2017,18777,756.8900146484375
06/09/2017,19289,751.0900268554688
06/08/2017,19545,749.719970703125
06/07/2017,19972,750.1300048828125
06/06/2017,19687,753.4600219726563
06/05/2017,19801,751.3099975585938
06/02/2017,18634,743.489990234375
06/01/2017,18549,738.8099975585938
05/31/2017,18264,741.7999877929688
05/30/2017,18578,737.8200073242188
05/29/2017,17923,738.2100219726563
05/26/2017,18151,746.25
05/25/2017,18265,743.4099731445313
05/24/2017,17564,741.9099731445313
05/23/2017,16433,742.739990234375
05/22/2017,16864,740.9299926757813
05/19/2017,16756,744.0999755859375
05/18/2017,16163,733.8200073242188
05/17/2017,15786,726.989990234375
05/16/2017,15301,727.2000122070313
05/15/2017,15194,725.030029296875
05/12/2017,15032,725.3499755859375
05/11/2017,15086,725.3699951171875
05/10/2017,14385,724.989990234375
05/09/2017,13954,724.3099975585938
05/08/2017,14062,722.1099853515625
05/05/2017,14278,718.8599853515625
05/04/2017,14278,720
05/03/2017,13604,722.02001953125
04/28/2017,13658,719.5399780273438
04/27/2017,13658,717.72998046875
04/26/2017,13820,716.530029296875
04/25/2017,13416,710.0399780273438
04/24/2017,13469,707.5800170898438
04/21/2017,13631,709.3900146484375
04/20/2017,13523,712.4099731445313
04/19/2017,13416,712.6599731445313
04/18/2017,13631,716.77001953125
04/17/2017,13685,714.9299926757813
04/14/2017,13900,710.8300170898438
04/13/2017,14385,718.4500122070313
04/12/2017,14385,724.3499755859375
04/11/2017,14709,725.5800170898438
04/10/2017,14816,731.3300170898438
04/07/2017,14116,729.8699951171875
04/05/2017,14439,727.9500122070313
04/04/2017,13900,723.219970703125
04/03/2017,14116,724.1400146484375
03/31/2017,14385,722.3800048828125
03/30/2017,14439,722.3099975585938
03/29/2017,14412,723.8599853515625
03/28/2017,14412,720.469970703125
03/27/2017,14008,719.260009765625
03/24/2017,14278,723.52001953125
03/23/2017,14924,722.1400146484375
03/22/2017,14709,719.5599975585938
03/21/2017,15678,712.9400024414063
03/20/2017,16029,716.1799926757813
03/17/2017,16406,715.0700073242188
03/16/2017,16352,710.5399780273438
03/15/2017,15948,714.9199829101563
03/14/2017,16002,713.1400146484375
03/13/2017,16002,714.7100219726563
03/10/2017,16136,710.1699829101563
03/09/2017,16136,712.2100219726563
03/08/2017,16109,715.7999877929688
03/07/2017,16675,716.5999755859375
03/06/2017,16972,716.5399780273438
03/03/2017,16487,716.2899780273438
03/02/2017,16325,712.6199951171875
03/01/2017,15948,707.510009765625
02/28/2017,15355,709.52001953125
02/27/2017,16136,710.7899780273438
02/24/2017,15840,717.4400024414063
02/23/2017,16298,714.469970703125
02/22/2017,16810,716.8699951171875
02/21/2017,17187,717.239990234375
02/20/2017,17052,716.5499877929688
02/17/2017,17241,710.5900268554688
02/16/2017,17187,707.8300170898438
02/15/2017,16972,709.3499755859375
02/14/2017,16594,711.5700073242188
02/13/2017,17349,706.260009765625
02/10/2017,16810,705.9000244140625
02/09/2017,16217,703.780029296875
02/08/2017,16379,700.6500244140625
02/07/2017,16029,702.0399780273438
02/06/2017,15813,701.9099731445313
02/03/2017,15786,700.0399780273438
02/02/2017,16002,700.3499755859375
01/25/2017,15382,703.1799926757813
01/24/2017,15409,697.280029296875
01/23/2017,14736,691.3599853515625
01/20/2017,14762,687.1500244140625
01/19/2017,14897,686.260009765625
01/18/2017,14978,682.3099975585938
01/17/2017,15247,683.280029296875
01/16/2017,15355,684.7100219726563
01/13/2017,15194,677.9400024414063
01/12/2017,15517,685.0599975585938
01/11/2017,15517,686.9600219726563
01/10/2017,14655,687.1599731445313
01/09/2017,14008,681.0700073242188
01/06/2017,14197,682.5700073242188
01/05/2017,14547,679.7999877929688
01/04/2017,14385,675.8099975585938
01/03/2017,14304,674.7000122070313
12/30/2016,13604,672.010009765625
12/29/2016,13793,664.8699951171875
12/28/2016,13469,664.719970703125
12/27/2016,13442,663.5
12/26/2016,13254,663.8599853515625
12/23/2016,13631,662.4500122070313
12/22/2016,13900,664.3699951171875
12/21/2016,14008,664.1500244140625
12/20/2016,14439,666.9400024414063
12/19/2016,14816,662.6599731445313
12/16/2016,14493,674.3300170898438
12/15/2016,14493,675.1599731445313
12/14/2016,14466,665.9199829101563
12/13/2016,13847,665.1400146484375
12/12/2016,13631,654.6599731445313
12/09/2016,12931,659.7000122070313
12/08/2016,12715,663.0700073242188
12/07/2016,12877,658.8900146484375
12/06/2016,13200,653.530029296875
12/05/2016,13308,651.489990234375
12/02/2016,12931,660.2100219726563
12/01/2016,13442,665.1400146484375
11/30/2016,13254,666.5399780273438
11/29/2016,13416,665.0700073242188
11/28/2016,13658,658.260009765625
11/25/2016,14008,665.2899780273438
11/24/2016,14439,675.8699951171875
11/23/2016,14224,678.1799926757813
11/22/2016,14278,683.1599731445313
11/21/2016,14116,681.9099731445313
11/18/2016,14116,674.2899780273438
11/17/2016,14278,673.25
11/16/2016,14870,674.5700073242188
11/15/2016,14493,674.5999755859375
11/14/2016,14116,674.260009765625
11/11/2016,13900,673.0499877929688
11/10/2016,13308,679.2000122070313
11/09/2016,12446,678.1699829101563
11/08/2016,12554,670.260009765625
11/07/2016,12284,676.4600219726563
11/04/2016,11826,674.1400146484375
11/03/2016,11799,666.72998046875
11/02/2016,11638,667.6300048828125
11/01/2016,11611,671.4000244140625
10/31/2016,11799,676.5999755859375
10/28/2016,12122,675.7999877929688
10/27/2016,11449,682.25
10/26/2016,11045,676.9000244140625
10/25/2016,11045,673.6099853515625
10/24/2016,10641,676.1799926757813
10/21/2016,10560,678.02001953125
10/20/2016,10749,684.8300170898438
10/19/2016,10883,686.3900146484375
10/18/2016,11260,688.8900146484375
10/17/2016,11207,682.02001953125
10/14/2016,10937,680.9500122070313
10/13/2016,10668,687
10/12/2016,10668,685.22998046875
10/11/2016,10722,682.4500122070313
10/10/2016,10129,682.3599853515625
10/07/2016,10129,674.1900024414063
10/06/2016,9940,683.9500122070313
10/05/2016,9698,687.3200073242188
10/04/2016,9698,687.0399780273438
10/03/2016,9536,684.2000122070313
09/30/2016,9536,683.0499877929688
09/29/2016,9698,685.72998046875
09/28/2016,9698,688.5499877929688
09/27/2016,9698,686.719970703125
09/26/2016,9860,684.8900146484375
09/23/2016,9914,677.0399780273438
09/22/2016,10075,674.0900268554688
09/21/2016,9860,671.3800048828125
09/20/2016,9698,668.47998046875
09/19/2016,9590,663.3699951171875
09/16/2016,9590,657.8900146484375
09/15/2016,9563,651.3099975585938
09/14/2016,9536,656.1799926757813
09/13/2016,9644,656.6400146484375
09/12/2016,9590,659.719970703125
09/09/2016,9698,659.760009765625
09/08/2016,9644,666.8800048828125
09/07/2016,9644,666.0700073242188
09/06/2016,9536,661.280029296875
09/05/2016,9644,663.9000244140625
09/01/2016,9698,664.5499877929688
08/31/2016,9698,669.1900024414063
08/30/2016,9536,674.6300048828125
08/29/2016,9536,672.6699829101563
08/26/2016,9482,669.4400024414063
08/25/2016,9644,667.75
08/24/2016,9698,658.5
08/23/2016,9698,660.77001953125
08/22/2016,9860,659.1599731445313
08/19/2016,9914,657.6799926757813
08/18/2016,9967,662.280029296875
08/17/2016,9914,660.6500244140625
08/16/2016,10021,660.510009765625
08/15/2016,10129,658.1099853515625
08/12/2016,10075,659.469970703125
08/11/2016,9967,655.7100219726563
08/10/2016,9758,660.239990234375
08/09/2016,9862,648.3300170898438
08/08/2016,10020,637.3400268554688
08/05/2016,10020,629.4600219726563
08/04/2016,10020,627.3900146484375
08/03/2016,10020,631.9400024414063
08/02/2016,10125,631.6099853515625
08/01/2016,10177,636.0499877929688
07/29/2016,10177,648.3800048828125
07/28/2016,10177,652.22998046875
07/27/2016,10335,657.1400146484375
07/26/2016,10335,656.1099853515625
07/25/2016,10335,648.5900268554688
07/22/2016,10177,649.2999877929688
07/21/2016,10282,649.8699951171875
07/20/2016,10072,659.5700073242188
07/19/2016,10230,660.260009765625
07/18/2016,10230,667.760009765625
07/15/2016,10492,673.5
07/14/2016,10072,664.5599975585938
07/13/2016,10177,666.6900024414063
07/12/2016,10177,675.1199951171875
07/11/2016,10125,658.9000244140625
07/08/2016,10649,652.260009765625
07/07/2016,10702,658.6799926757813
07/06/2016,10702,661.1199951171875
07/05/2016,10754,649.4600219726563
07/04/2016,10807,650.8800048828125
07/01/2016,10807,647.9600219726563
06/30/2016,10912,640.2999877929688
06/29/2016,10912,632.260009765625
06/28/2016,10387,630.1199951171875
06/27/2016,10544,622.2000122070313
06/24/2016,10597,621.27001953125
06/23/2016,11226,620.77001953125
06/22/2016,11122,632.27001953125
06/21/2016,11174,626.4099731445313
06/20/2016,11279,628
06/17/2016,11174,626.4600219726563
06/16/2016,11384,619.25
06/15/2016,10649,625.1099853515625
06/14/2016,10335,627.02001953125
06/13/2016,10282,625.4299926757813
06/10/2016,10544,623.5800170898438
06/09/2016,10544,629.8400268554688
06/08/2016,10072,631.260009765625
06/07/2016,9967,627.8699951171875
06/06/2016,9862,624.6500244140625
06/03/2016,9705,620.0499877929688
06/02/2016,9862,621.8800048828125
06/01/2016,9967,623.3699951171875
05/31/2016,10125,619.8599853515625
05/30/2016,9810,618.4400024414063
05/27/2016,9810,614.5
05/26/2016,9810,608.1099853515625
05/25/2016,9758,604.3400268554688
05/24/2016,9862,611.8900146484375
05/23/2016,9758,611.6199951171875
05/20/2016,9915,611.030029296875
05/19/2016,9705,614.8099975585938
05/18/2016,9758,619.2000122070313
05/17/2016,18500,622.4500122070313
05/16/2016,18200,624.75
05/13/2016,17600,615.780029296875
05/12/2016,18600,610.8200073242188
05/11/2016,19000,612.1199951171875
05/10/2016,18200,614.0599975585938
05/09/2016,18300,605.0499877929688
05/06/2016,18900,603.8499755859375
05/05/2016,19400,606.52001953125
05/04/2016,18700,601.510009765625
04/29/2016,19600,599.0700073242188
04/28/2016,19600,598.3699951171875
04/27/2016,19800,591.6699829101563
04/26/2016,19800,593.9600219726563
04/25/2016,19100,598.47998046875
04/22/2016,18800,591.5800170898438
04/21/2016,18800,592.47998046875
04/20/2016,18100,575.72998046875
04/19/2016,18100,568.030029296875
04/15/2016,18600,568.280029296875
04/14/2016,18600,579.8599853515625
04/13/2016,19300,579.489990234375
04/12/2016,19000,578.02001953125
04/11/2016,18000,579.8400268554688
04/08/2016,16900,579.27001953125
04/07/2016,17000,572.3400268554688
04/06/2016,17000,571.5999755859375
04/05/2016,16800,567.7899780273438
04/04/2016,16500,560.3200073242188
04/01/2016,16600,555.8200073242188
03/31/2016,17100,558.4299926757813
03/30/2016,18300,561.219970703125
03/29/2016,18400,569.9099731445313
03/28/2016,18500,568.280029296875
03/25/2016,18400,575.719970703125
03/24/2016,18400,572.0800170898438
03/23/2016,18600,570.6599731445313
03/22/2016,19100,574.7100219726563
03/21/2016,18600,570.9099731445313
03/18/2016,19000,572.27001953125
03/17/2016,19000,575.8200073242188
03/16/2016,18400,579.260009765625
03/15/2016,18600,577.0700073242188
03/14/2016,19600,574.0399780273438
03/11/2016,20000,577.97998046875
03/10/2016,20000,577.260009765625
03/09/2016,19200,575.9099731445313
03/08/2016,20400,571.7100219726563
03/07/2016,19100,574.7100219726563
03/04/2016,17900,576.2000122070313
03/03/2016,16800,573.6500244140625
03/02/2016,16600,570.3900146484375
03/01/2016,16000,570.1799926757813
02/29/2016,16000,561.5599975585938
02/26/2016,15900,559.3699951171875
02/24/2016,15300,566.1099853515625
02/23/2016,15900,562.8200073242188
02/22/2016,15300,568.0399780273438
02/19/2016,15700,561.280029296875
02/18/2016,15600,560.7100219726563
02/17/2016,15300,554.030029296875
02/16/2016,15300,552.489990234375
02/15/2016,15300,547.0499877929688
02/05/2016,15500,548.0499877929688
02/04/2016,15300,543.7899780273438
02/03/2016,15400,544.75
02/02/2016,15800,542.1500244140625
02/01/2016,15800,539.0700073242188
01/29/2016,15900,536.4500122070313
01/28/2016,15200,540.5599975585938
01/27/2016,15200,545.25
01/26/2016,15100,539.469970703125
01/25/2016,15200,542.6900024414063
01/22/2016,15100,537.72998046875
01/21/2016,16000,542.3499755859375
01/20/2016,15400,522.239990234375
01/19/2016,15500,521.8800048828125
01/18/2016,15600,529.4400024414063
01/15/2016,15800,535.77001953125
01/14/2016,16000,526.3699951171875
01/13/2016,16100,543.0399780273438
01/12/2016,16100,553.030029296875
01/11/2016,16200,560.3699951171875
01/08/2016,16300,564.260009765625
01/07/2016,16300,557.8699951171875
01/06/2016,16300,560.0499877929688
01/05/2016,16400,565.3599853515625
01/04/2016,16300,574.5700073242188
12/31/2015,16300,569.9400024414063
12/30/2015,16700,574.4099731445313
12/29/2015,16300,579.030029296875
12/28/2015,16800,579.4500122070313
12/25/2015,16500,576.2899780273438
12/24/2015,16500,569.9000244140625
12/23/2015,17100,567.6699829101563
12/22/2015,16200,566.1699829101563
12/21/2015,16900,564.27001953125
12/18/2015,18100,566.3499755859375
12/16/2015,18100,566.9000244140625
12/15/2015,18100,568.1799926757813
12/14/2015,18100,577.1099853515625
12/11/2015,18500,572.5499877929688
12/10/2015,18000,568
12/09/2015,18300,562.219970703125
12/08/2015,18500,563.4299926757813
12/07/2015,18400,561.0399780273438
12/04/2015,18100,565.2000122070313
12/03/2015,19000,574.1500244140625
12/01/2015,18200,563.6199951171875
11/30/2015,18200,571.6199951171875
11/27/2015,18100,574.3800048828125
11/26/2015,18100,574.4199829101563
11/25/2015,18100,570.4099731445313
11/24/2015,18000,573.2000122070313
11/23/2015,18000,582.8599853515625
11/20/2015,18000,590.4000244140625
11/19/2015,18000,595.7000122070313
11/18/2015,18100,593.8300170898438
11/13/2015,18400,599.989990234375
11/12/2015,18300,604.4600219726563
11/11/2015,18200,601.9000244140625
11/10/2015,18200,603.3400268554688
11/09/2015,18100,605.0499877929688
11/06/2015,18100,609.2100219726563
11/05/2015,18300,611.27001953125
11/04/2015,18300,605.5800170898438
11/03/2015,18300,603.530029296875
11/02/2015,18300,605.27001953125
10/30/2015,18300,610.6599731445313
10/29/2015,18300,612.3599853515625
10/28/2015,17900,615.1799926757813
10/27/2015,18000,610.5999755859375
10/26/2015,17900,611.7100219726563
10/23/2015,18000,602.760009765625
10/22/2015,17900,607.3699951171875
10/21/2015,17900,605.2000122070313
10/20/2015,17900,596.239990234375
10/19/2015,18200,598.4400024414063
10/16/2015,17800,598.6099853515625
10/15/2015,17800,601.739990234375
10/14/2015,18100,595.0800170898438
10/13/2015,18300,590.239990234375
10/12/2015,19300,590.4500122070313
10/08/2015,18300,594.6099853515625
10/07/2015,18500,593.02001953125
10/06/2015,18400,592.4000244140625
10/05/2015,18900,589.97998046875
10/02/2015,18500,590.8400268554688
09/30/2015,18200,592.0999755859375
09/29/2015,18000,588.02001953125
09/28/2015,18000,586.780029296875
09/25/2015,18000,579.5700073242188
09/24/2015,17800,581.2899780273438
09/23/2015,17800,570
09/22/2015,17800,562.3099975585938
09/21/2015,17600,563.5399780273438
09/17/2015,17500,562.6400146484375
09/16/2015,17200,561.1900024414063
09/15/2015,17600,564.8800048828125
09/14/2015,17500,570.3800048828125
09/11/2015,18000,570.25
09/10/2015,18000,572.719970703125
09/09/2015,18300,573.2000122070313
09/07/2015,17400,572.1199951171875
09/04/2015,17700,566.25
09/03/2015,17600,562.47998046875
09/01/2015,17600,564.1300048828125
08/31/2015,17500,563.27001953125
08/28/2015,17500,562.1699829101563
08/27/2015,17400,566.739990234375
08/26/2015,17800,572.0700073242188
08/25/2015,17800,572.3400268554688
08/24/2015,17800,566.719970703125
08/21/2015,18300,554.9299926757813
08/20/2015,18800,556.8099975585938
08/19/2015,19000,554.2999877929688
08/18/2015,19500,562.3099975585938
08/17/2015,19000,564.75
08/14/2015,19000,570.8699951171875
08/13/2015,19000,555.8099975585938
08/12/2015,19400,545.8900146484375
08/11/2015,19400,529.97998046875
08/10/2015,19300,526.9299926757813
08/07/2015,19500,556.2999877929688
08/06/2015,19200,566.6900024414063
08/05/2015,19300,577.8200073242188
08/04/2015,19800,580.219970703125
08/03/2015,19500,573.1500244140625
07/31/2015,19400,589.030029296875
07/30/2015,19400,594.260009765625
07/29/2015,19800,604.239990234375
07/28/2015,19600,613.0499877929688
07/27/2015,20200,614.530029296875
07/24/2015,19900,603.760009765625
07/23/2015,19900,601.0399780273438
07/22/2015,20000,607.0800170898438
07/21/2015,19800,600.760009765625
07/20/2015,19800,609.469970703125
07/17/2015,20000,621.0599975585938
07/16/2015,20100,626.5700073242188
07/15/2015,21200,624.7000122070313
07/14/2015,20400,631.469970703125
07/13/2015,21100,635.4600219726563
07/10/2015,19900,631.260009765625
07/09/2015,19700,632.010009765625
07/08/2015,19900,629.8499755859375
07/07/2015,20000,616.6099853515625
07/06/2015,20000,620.5399780273438
07/03/2015,20000,628.6300048828125
07/02/2015,20000,626.9000244140625
07/01/2015,19800,630.8900146484375
06/30/2015,20000,638.6900024414063
06/29/2015,19900,634.0599975585938
06/26/2015,20000,627.280029296875
06/25/2015,19800,622.0999755859375
06/24/2015,20000,623.1699829101563
06/23/2015,20000,630.27001953125
06/22/2015,20000,625.219970703125
06/19/2015,19900,616.4299926757813
06/18/2015,20000,605.7000122070313
06/17/2015,20000,591.5
06/16/2015,20000,593.0499877929688
06/12/2015,20200,591.75
06/11/2015,20300,581.75
06/10/2015,20600,587.989990234375
06/09/2015,20100,590.02001953125
06/08/2015,20500,593.0700073242188
06/05/2015,20500,594.0800170898438
06/04/2015,20300,584.7000122070313
06/02/2015,20000,580.3499755859375
06/01/2015,20600,578.8699951171875
05/29/2015,20600,580.3499755859375
05/28/2015,20200,586.47998046875
05/27/2015,20900,582.72998046875
05/26/2015,19600,581.0499877929688
05/25/2015,19100,574.0999755859375
05/22/2015,19300,574.469970703125
05/21/2015,19300,579.8300170898438
05/20/2015,19300,578.0700073242188
05/19/2015,19200,568.989990234375
05/18/2015,19100,567.9000244140625
05/15/2015,19400,570.3099975585938
05/14/2015,20000,574.97998046875
05/13/2015,19600,569.5599975585938
05/12/2015,20000,572.969970703125
05/11/2015,20000,566.47998046875
05/08/2015,20800,567.2000122070313
05/07/2015,19800,563
05/06/2015,20500,561.8200073242188
05/05/2015,22400,552.5599975585938
05/04/2015,21500,550.0999755859375
04/27/2015,22100,536.8200073242188
04/24/2015,21200,528.9500122070313
04/23/2015,21700,537.4400024414063
04/22/2015,21800,543.6900024414063
04/21/2015,21300,542.8200073242188
04/20/2015,21100,544.4099731445313
04/17/2015,21000,551.6699829101563
04/16/2015,21200,554.510009765625
04/15/2015,21500,552.97998046875
04/14/2015,21200,549.2999877929688
04/13/2015,21200,552.6500244140625
04/10/2015,21200,545.0800170898438
04/09/2015,21200,562.4000244140625
04/08/2015,21000,565.77001953125
04/07/2015,20900,561.25
04/06/2015,20900,562.510009765625
04/03/2015,21000,562.239990234375
04/02/2015,21300,565.0399780273438
04/01/2015,21300,568.3200073242188
03/31/2015,21000,568.280029296875
03/30/2015,21400,564.5
03/27/2015,22500,558.6699829101563
03/26/2015,22900,559.5399780273438
03/25/2015,21500,554.030029296875
03/24/2015,21000,550.52001953125
03/23/2015,22100,547.719970703125
03/19/2015,22100,548.1099853515625
03/18/2015,22200,542.969970703125
03/17/2015,22400,547.8499755859375
03/16/2015,22400,546.8499755859375
03/13/2015,22500,538.9099731445313
03/12/2015,22700,551.1300048828125
03/11/2015,22700,545.1900024414063
03/10/2015,22700,551.4199829101563
03/09/2015,22600,556.1599731445313
03/06/2015,22500,560.9299926757813
03/05/2015,22500,567.4299926757813
03/04/2015,22500,570.8900146484375
03/03/2015,22400,575.4400024414063
03/02/2015,22100,573.739990234375
02/27/2015,21600,578.6799926757813
02/26/2015,22600,581.760009765625
02/25/2015,21600,580.7999877929688
02/24/2015,21700,586.0999755859375
02/13/2015,21100,588.530029296875
02/12/2015,20600,586.5399780273438
02/11/2015,20600,589.6599731445313
02/10/2015,20600,588.4400024414063
02/09/2015,21700,593.969970703125
02/06/2015,21600,596.9099731445313
02/05/2015,23000,600.3900146484375
02/04/2015,23000,596.719970703125
02/03/2015,23600,590.72998046875
02/02/2015,25200,592.5700073242188
01/30/2015,25000,596.719970703125
01/29/2015,25000,592.6599731445313
01/28/2015,26500,596.9500122070313
01/27/2015,25900,587.239990234375
01/26/2015,25500,584.6699829101563
01/23/2015,25500,581.760009765625
01/22/2015,24600,574.52001953125
01/21/2015,24600,573.5499877929688
01/20/2015,24400,574.1300048828125
01/19/2015,26000,567.1699829101563
01/15/2015,25000,561.4500122070313
01/14/2015,25000,557.469970703125
01/12/2015,25500,570.3699951171875
01/09/2015,25000,576.0700073242188
01/08/2015,25000,583.280029296875
01/07/2015,25900,583.760009765625
01/06/2015,25500,579.2999877929688
01/05/2015,26900,580.6400146484375
12/31/2014,26800,582.3800048828125
12/30/2014,25200,574.5399780273438
12/29/2014,27000,569.1199951171875
12/26/2014,25500,572.219970703125
12/25/2014,25000,571.510009765625
12/24/2014,25900,574.8099975585938
12/23/2014,25700,577.739990234375
12/19/2014,24100,577.010009765625
12/18/2014,25900,580.5999755859375
12/17/2014,25900,574.3200073242188
12/16/2014,26500,569.72998046875
12/11/2014,26900,553.469970703125
12/10/2014,26900,552.0499877929688
12/09/2014,27000,549.6599731445313
12/08/2014,27000,544.4500122070313
12/05/2014,27000,545.6300048828125
12/04/2014,27500,537.5700073242188
12/03/2014,27600,532.6799926757813
12/02/2014,27000,533.3699951171875
12/01/2014,26500,532.010009765625
11/28/2014,27500,539.4400024414063
11/27/2014,28100,537.8800048828125
11/26/2014,28200,537.5399780273438
11/25/2014,27000,523.0900268554688
11/20/2014,27000,528.4500122070313
11/19/2014,27000,518.219970703125
11/18/2014,27000,535.1400146484375
11/17/2014,27300,547.9299926757813
11/14/2014,27300,553.9299926757813
11/13/2014,27300,550.1099853515625
11/12/2014,27500,557.1900024414063
11/11/2014,27800,555.3099975585938
11/10/2014,28300,571.6799926757813
11/07/2014,27400,578.760009765625
11/06/2014,28000,578.3800048828125
11/05/2014,28600,574.8800048828125
11/03/2014,28600,569.4299926757813
10/31/2014,28300,568.010009765625
10/30/2014,28400,566.5800170898438
10/29/2014,28700,572.8900146484375
10/28/2014,28500,576.0399780273438
10/27/2014,27300,585.9099731445313
10/24/2014,28500,582.530029296875
10/23/2014,29800,588.030029296875
10/21/2014,29000,593.3200073242188
10/17/2014,29500,588.3499755859375
10/16/2014,28500,594.25
10/15/2014,29000,600.9299926757813
10/14/2014,29400,600.3599853515625
10/13/2014,29500,603.1599731445313
10/10/2014,29800,604.010009765625
10/09/2014,29800,604.22998046875
10/08/2014,30000,602.1199951171875
10/07/2014,30000,602.5900268554688
10/06/2014,29800,597.8499755859375
10/03/2014,29800,597.010009765625
10/02/2014,29800,598.3900146484375
10/01/2014,29800,603.1500244140625
09/30/2014,29000,600.8400268554688
09/26/2014,29000,589.1400146484375
09/25/2014,29300,591.2000122070313
09/24/2014,29300,583.1300048828125
09/23/2014,29400,580.7999877929688
09/22/2014,29400,591.510009765625
09/19/2014,29500,593.530029296875
09/18/2014,29800,601.5900268554688
09/17/2014,30000,600.5499877929688
09/15/2014,29300,589.239990234375
09/11/2014,30100,585.280029296875
09/10/2014,30000,587.1699829101563
09/09/2014,29700,604.2899780273438
09/08/2014,30700,605.7899780273438
09/05/2014,30800,614.219970703125
09/04/2014,29800,617.719970703125
09/03/2014,30400,624.3400268554688
08/29/2014,30500,617.260009765625
08/28/2014,30500,614.0800170898438
08/27/2014,29900,614.4199829101563
08/26/2014,31000,611.5499877929688
08/25/2014,33300,612.6599731445313
08/22/2014,33500,609.27001953125
08/21/2014,33900,598.7999877929688
08/20/2014,31800,599.780029296875
08/19/2014,30000,604.97998046875
08/18/2014,31000,605.0999755859375
08/15/2014,30500,603.5900268554688
08/14/2014,29000,610.3900146484375
08/13/2014,29200,611.9299926757813
08/12/2014,28500,613.2899780273438
08/11/2014,27900,615.7999877929688
08/08/2014,27800,625.6599731445313
08/07/2014,27800,627.6599731445313
08/06/2014,28100,630.3400268554688
08/05/2014,29000,632.5
08/04/2014,28700,628.989990234375
08/01/2014,28900,628.7999877929688
07/31/2014,28000,626.9199829101563
07/30/2014,28600,639.8499755859375
07/29/2014,28700,638.6500244140625
07/28/2014,28300,640.219970703125
07/25/2014,28000,640.75
07/24/2014,27800,636.6500244140625
07/23/2014,27500,632.030029296875
07/22/2014,27400,628.77001953125
07/21/2014,27500,629.0599975585938
07/18/2014,27400,625.8800048828125
07/17/2014,27600,620.1400146484375
07/16/2014,26300,612.9400024414063
07/15/2014,27800,606.7000122070313
07/14/2014,27400,604.6400146484375
07/11/2014,27100,605.0800170898438
07/10/2014,27100,604.239990234375
07/09/2014,27100,605.25
07/08/2014,27000,602.760009765625
07/07/2014,26800,601.780029296875
07/04/2014,26700,602.1300048828125
07/03/2014,26700,605.4299926757813
07/02/2014,26900,607.6199951171875
07/01/2014,27200,606.7000122070313
06/30/2014,27200,607.72998046875
06/27/2014,27700,599.0399780273438
06/26/2014,27400,593.9000244140625
06/25/2014,27100,596.0700073242188
06/24/2014,27100,589.3300170898438
06/23/2014,27100,592.239990234375
06/20/2014,27100,589.4500122070313
06/19/2014,27300,600.1400146484375
06/18/2014,27400,602.0599975585938
06/17/2014,27400,597.5
06/16/2014,27300,597.97998046875
06/13/2014,27200,601.0399780273438
06/12/2014,27200,596.260009765625
06/11/2014,27500,590.3699951171875
06/10/2014,27800,589.6799926757813
06/09/2014,27700,589.3099975585938
06/06/2014,27600,586.22998046875
06/05/2014,27800,582.77001953125
06/04/2014,27900,584.8800048828125
06/03/2014,27500,591.5999755859375
06/02/2014,27100,591.469970703125
05/30/2014,27000,590.6900024414063
05/29/2014,28000,589.3499755859375
05/28/2014,28000,585.02001953125
05/27/2014,28000,578.7999877929688
05/26/2014,29000,578.0700073242188
05/23/2014,29000,578.1300048828125
05/22/2014,28400,578.8200073242188
05/21/2014,28400,576.4000244140625
05/20/2014,28400,572.27001953125
05/19/2014,28000,569.739990234375
05/16/2014,28000,565.9199829101563
05/15/2014,28800,560.780029296875
05/14/2014,27500,567.3499755859375
05/13/2014,28000,570.030029296875
05/12/2014,27200,572.25
05/09/2014,28300,572.3699951171875
05/08/2014,26600,574.47998046875
05/07/2014,28100,573.77001953125
05/06/2014,28100,570.3599853515625
05/05/2014,29000,566.8900146484375
04/28/2014,29800,565.6099853515625
04/25/2014,29000,559.0399780273438
04/24/2014,28500,551.0999755859375
04/23/2014,28500,553.4600219726563
04/22/2014,29500,558.760009765625
04/21/2014,27900,556.7999877929688
04/18/2014,28000,562.02001953125
04/17/2014,29000,558.4500122070313
04/16/2014,29500,557.3400268554688
04/15/2014,29500,552.75
04/14/2014,29800,544.0599975585938
04/11/2014,30000,541.489990234375
04/10/2014,30000,541.72998046875
04/08/2014,30400,543.8800048828125
04/07/2014,30400,537.52001953125
04/04/2014,30600,533.0399780273438
04/03/2014,30400,529.489990234375
04/02/2014,30500,524.0499877929688
04/01/2014,31000,529.530029296875
03/31/2014,31100,513.9099731445313
03/28/2014,30900,517.0499877929688
03/27/2014,30900,542.4600219726563
03/26/2014,31100,527.0900268554688
03/25/2014,31300,559.969970703125
03/24/2014,31300,555.1099853515625
03/21/2014,30900,564.8499755859375
03/20/2014,30700,578
03/19/2014,31000,573.0999755859375
03/18/2014,31000,578.9199829101563
03/17/2014,31500,570.4600219726563
03/14/2014,31500,569.3599853515625
03/13/2014,30800,569.8699951171875
03/12/2014,31600,558.1400146484375
03/11/2014,31300,565.3300170898438
03/10/2014,31500,580.3099975585938
03/07/2014,31500,574.2899780273438
03/06/2014,31000,586.0900268554688
03/05/2014,31200,596.1099853515625
03/04/2014,31300,600.5700073242188
03/03/2014,31800,601.3300170898438
02/28/2014,31700,603.25
02/27/2014,31600,600.5700073242188
02/26/2014,31800,593.0399780273438
02/25/2014,31900,589.4400024414063
02/24/2014,32000,581.6699829101563
02/21/2014,31600,583.8499755859375
02/20/2014,31600,591.5700073242188
02/19/2014,32100,594.2899780273438
02/18/2014,31500,590.1400146484375
02/17/2014,31500,588.0599975585938
02/14/2014,31600,601.8499755859375
02/13/2014,31300,607.5499877929688
02/12/2014,31200,601.75
02/11/2014,31500,600.260009765625
02/10/2014,31200,605.5900268554688
02/07/2014,31000,599.8499755859375
02/06/2014,30600,600.3599853515625
01/27/2014,31500,596.8300170898438
01/24/2014,31800,595.219970703125
01/23/2014,31400,590.02001953125
01/22/2014,31400,588.5
01/21/2014,31000,583.6900024414063
01/20/2014,30800,579.75
01/17/2014,31000,578.5599975585938
01/16/2014,31000,574.9400024414063
01/15/2014,31000,569.969970703125
01/14/2014,31000,573.3800048828125
01/13/2014,31000,586.47998046875
01/10/2014,31900,584.7899780273438
01/09/2014,31000,589.8099975585938
01/08/2014,31200,586.2000122070313
01/07/2014,31200,576.5800170898438
01/06/2014,31000,570.5700073242188
01/03/2014,31000,571.0399780273438
01/02/2014,30500,578.1199951171875
12/31/2013,30200,574.5599975585938
12/30/2013,30600,570.2000122070313
12/27/2013,30800,572.219970703125
12/26/2013,30700,570.1799926757813
12/25/2013,31500,564.25
12/24/2013,31000,553.9000244140625
12/20/2013,30800,555.9000244140625
12/19/2013,30900,549.760009765625
12/18/2013,31000,554.6799926757813
12/17/2013,30500,556.52001953125
12/16/2013,30200,560.1900024414063
12/13/2013,31500,553.5499877929688
12/12/2013,31300,551.9199829101563
12/11/2013,31500,559.9099731445313
12/10/2013,32600,553.6699829101563
12/09/2013,33000,543.5900268554688
12/06/2013,32400,533.5399780273438
12/05/2013,32200,526.6799926757813
12/04/2013,32000,522.3099975585938
12/03/2013,31500,521.1099853515625
12/02/2013,32000,518.9400024414063
11/29/2013,32200,516.97998046875
11/28/2013,32500,513.9000244140625
11/27/2013,33000,510.1199951171875
11/26/2013,33200,509.1000061035156
11/25/2013,32900,505.3699951171875
11/22/2013,32700,504.510009765625
11/21/2013,32800,504.6300048828125
11/20/2013,32100,500.3500061035156
11/19/2013,32000,506.4100036621094
11/18/2013,32000,506.5499877929688
11/15/2013,32000,504.4200134277344
11/14/2013,32000,505.6199951171875
11/13/2013,31200,508.6799926757813
11/12/2013,31600,504.4500122070313
11/11/2013,31600,506.2799987792969
11/08/2013,31500,505.25
11/07/2013,31500,505.6700134277344
11/06/2013,31500,502.0400085449219
11/05/2013,31300,506.0599975585938
11/04/2013,31200,506.9200134277344
11/01/2013,31600,505.3099975585938
10/31/2013,31900,511.6000061035156
10/30/2013,32000,511.2300109863281
10/29/2013,32000,510.1199951171875
10/28/2013,32000,510.0299987792969
10/25/2013,32000,510.8800048828125
10/24/2013,31600,511.6199951171875
10/23/2013,31500,508.5299987792969
10/22/2013,31500,507.7799987792969
10/21/2013,31500,507.7099914550781
10/18/2013,31500,508.4299926757813
10/17/2013,31200,509.1600036621094
10/16/2013,30700,506.4599914550781
10/15/2013,30300,505.6400146484375
10/14/2013,30000,503.5400085449219
10/11/2013,29900,505.5199890136719
10/10/2013,30000,504.7099914550781
10/09/2013,30200,506.4800109863281
10/08/2013,30500,501.3399963378906
10/07/2013,30000,497.8500061035156
10/04/2013,30000,496.1199951171875
10/03/2013,29800,497.6499938964844
10/02/2013,30500,501.0799865722656
10/01/2013,29900,498.6099853515625
09/30/2013,29800,499.8599853515625
09/26/2013,29900,502.5199890136719
09/25/2013,30000,499.7900085449219
09/24/2013,29400,497.0700073242188
09/23/2013,29400,497.0799865722656
09/20/2013,29300,497.4100036621094
09/19/2013,29500,499.0700073242188
09/18/2013,29500,497.0799865722656
09/17/2013,29600,496.4599914550781
09/16/2013,29500,500.75
09/13/2013,29500,501.1700134277344
09/11/2013,29400,504.0499877929688
09/10/2013,29500,500.5700073242188
09/09/2013,29500,501.5700073242188
09/06/2013,29500,500.8299865722656
09/05/2013,29500,499.5899963378906
09/04/2013,29700,498.9599914550781
09/03/2013,29500,495.7200012207031
08/30/2013,29500,493.6199951171875
08/29/2013,30000,494.5299987792969
08/28/2013,29200,494.8099975585938
08/27/2013,29100,500.6700134277344
08/26/2013,29100,502.2200012207031
08/23/2013,29000,500.4700012207031
08/22/2013,29000,497.5
08/21/2013,29100,492.2999877929688
08/20/2013,29400,494.3900146484375
08/19/2013,29400,492.239990234375
08/16/2013,29400,492.6300048828125
08/15/2013,29200,486.6099853515625
08/14/2013,29000,485.1099853515625
08/13/2013,28700,486.2200012207031
08/12/2013,29200,482.8200073242188
08/09/2013,29400,479.0899963378906
08/08/2013,28400,477.1900024414063
08/07/2013,28400,476.0899963378906
08/06/2013,28400,474.260009765625
08/05/2013,28700,477.7300109863281
08/02/2013,28500,475.5700073242188
08/01/2013,28200,476.4200134277344
07/31/2013,28300,475.5899963378906
07/30/2013,28400,476.3999938964844
07/29/2013,28400,474.5299987792969
07/26/2013,28500,470.1600036621094
07/25/2013,28500,480.0299987792969
07/24/2013,28500,477.5700073242188
07/23/2013,29100,471.4500122070313
07/22/2013,29100,472.1700134277344
07/19/2013,29000,472.7000122070313
07/18/2013,29600,468.5499877929688
07/17/2013,30000,473.2999877929688
07/16/2013,29900,485.5700073242188
07/15/2013,29900,490.5400085449219
07/12/2013,30000,486.8200073242188
07/11/2013,29600,496.1199951171875
07/10/2013,29500,502.7000122070313
07/09/2013,29500,504.8099975585938
